<?xml version="1.0" encoding="UTF-8"?>
<!DOCTYPE plist PUBLIC "-//Apple//DTD PLIST 1.0//EN" "http://www.apple.com/DTDs/PropertyList-1.0.dtd">
<plist version="1.0">
<dict>
	<key>author</key>
	<string></string>
	<key>comments</key>
	<string></string>
	<key>isUsingConstrainedLayout</key>
	<true/>
	<key>keywords</key>
	<string></string>
	<key>mindMap</key>
	<dict>
		<key>associations</key>
		<array/>
		<key>color</key>
		<string>{0.956, 0.966, 0.956, 1.000}</string>
		<key>mainNodes</key>
		<array>
			<dict>
				<key>contentAlignment</key>
				<integer>1</integer>
				<key>fillColor</key>
				<string>{1.000, 1.000, 1.000, 1.000}</string>
				<key>isDecreasingBranchThickness</key>
				<true/>
				<key>isDrawingFill</key>
				<true/>
				<key>isLeftAligned</key>
				<false/>
				<key>location</key>
				<string>{0, 0}</string>
				<key>nodeID</key>
				<string>49E11CDE-E7E0-4B20-B00A-228B4CDD1363</string>
				<key>strokeColor</key>
				<string>{0.965, 0.965, 0.965, 1.000}</string>
				<key>strokeStyle</key>
				<integer>0</integer>
				<key>strokeWidth</key>
				<real>2</real>
				<key>subnodes</key>
				<array>
					<dict>
						<key>contentAlignment</key>
						<integer>1</integer>
						<key>fillColor</key>
						<string>{1.000, 1.000, 1.000, 1.000}</string>
						<key>isDecreasingBranchThickness</key>
						<true/>
						<key>isDrawingFill</key>
						<false/>
						<key>isLeftAligned</key>
						<false/>
						<key>location</key>
						<string>{195, -252}</string>
						<key>nodeID</key>
						<string>F0A0EEEB-8B3E-4700-AB9F-CD3D5D8CB01E</string>
						<key>strokeColor</key>
						<string>{0.689, 0.215, 0.952, 1.000}</string>
						<key>strokeStyle</key>
						<integer>0</integer>
						<key>strokeWidth</key>
						<real>6</real>
						<key>subnodes</key>
						<array>
							<dict>
								<key>contentAlignment</key>
								<integer>1</integer>
								<key>fillColor</key>
								<string>{1.000, 1.000, 1.000, 1.000}</string>
								<key>isDecreasingBranchThickness</key>
								<true/>
								<key>isDrawingFill</key>
								<false/>
								<key>isLeftAligned</key>
								<false/>
								<key>location</key>
								<string>{311, -462}</string>
								<key>nodeID</key>
								<string>060C8C83-3F09-4DFB-A478-A10A653FA55D</string>
								<key>strokeColor</key>
								<string>{0.690, 0.212, 0.949, 1.000}</string>
								<key>strokeStyle</key>
								<integer>0</integer>
								<key>strokeWidth</key>
								<real>5</real>
								<key>subnodes</key>
								<array>
									<dict>
										<key>contentAlignment</key>
										<integer>1</integer>
										<key>fillColor</key>
										<string>{1.000, 1.000, 1.000, 1.000}</string>
										<key>isDecreasingBranchThickness</key>
										<true/>
										<key>isDrawingFill</key>
										<false/>
										<key>isLeftAligned</key>
										<false/>
										<key>location</key>
										<string>{460, -514.5}</string>
										<key>nodeID</key>
										<string>43CDE1C7-F7CE-4477-960B-D24C5ED9C1FC</string>
										<key>strokeColor</key>
										<string>{0.690, 0.212, 0.949, 1.000}</string>
										<key>strokeStyle</key>
										<integer>0</integer>
										<key>strokeWidth</key>
										<real>4</real>
										<key>subnodes</key>
										<array/>
										<key>title</key>
										<dict>
											<key>constrainedWidth</key>
											<integer>300</integer>
											<key>htmlText</key>
											<string>&lt;p style='color: rgba(91, 91, 91, 1.000000); font: 18px "Heiti SC"; -cocoa-font-postscriptname: "STHeitiSC-Light"; '&gt;ViewController&lt;/p&gt;</string>
											<key>shrinkToFitContent</key>
											<integer>1</integer>
											<key>text</key>
											<string>{\rtf1\ansi\ansicpg936\cocoartf1347\cocoasubrtf570
{\fonttbl\f0\fnil\fcharset134 STHeitiSC-Light;}
{\colortbl;\red255\green255\blue255;\red91\green91\blue91;}
\pard\tx560\tx1120\tx1680\tx2240\tx2800\tx3360\tx3920\tx4480\tx5040\tx5600\tx6160\tx6720\pardirnatural

\f0\fs36 \cf2 ViewController}</string>
										</dict>
									</dict>
									<dict>
										<key>contentAlignment</key>
										<integer>1</integer>
										<key>fillColor</key>
										<string>{1.000, 1.000, 1.000, 1.000}</string>
										<key>isDecreasingBranchThickness</key>
										<true/>
										<key>isDrawingFill</key>
										<false/>
										<key>isLeftAligned</key>
										<false/>
										<key>location</key>
										<string>{460, -479.5}</string>
										<key>nodeID</key>
										<string>944B95B4-E73E-4053-BA49-DAB3A91DB948</string>
										<key>strokeColor</key>
										<string>{0.690, 0.212, 0.949, 1.000}</string>
										<key>strokeStyle</key>
										<integer>0</integer>
										<key>strokeWidth</key>
										<real>4</real>
										<key>subnodes</key>
										<array/>
										<key>title</key>
										<dict>
											<key>constrainedWidth</key>
											<integer>300</integer>
											<key>htmlText</key>
											<string>&lt;p style='color: rgba(91, 91, 91, 1.000000); font: 18px "Heiti SC"; -cocoa-font-postscriptname: "STHeitiSC-Light"; '&gt;View&lt;/p&gt;</string>
											<key>shrinkToFitContent</key>
											<integer>1</integer>
											<key>text</key>
											<string>{\rtf1\ansi\ansicpg936\cocoartf1347\cocoasubrtf570
{\fonttbl\f0\fnil\fcharset134 STHeitiSC-Light;}
{\colortbl;\red255\green255\blue255;\red91\green91\blue91;}
\pard\tx560\tx1120\tx1680\tx2240\tx2800\tx3360\tx3920\tx4480\tx5040\tx5600\tx6160\tx6720\pardirnatural

\f0\fs36 \cf2 View}</string>
										</dict>
									</dict>
									<dict>
										<key>contentAlignment</key>
										<integer>1</integer>
										<key>fillColor</key>
										<string>{1.000, 1.000, 1.000, 1.000}</string>
										<key>isDecreasingBranchThickness</key>
										<true/>
										<key>isDrawingFill</key>
										<false/>
										<key>isLeftAligned</key>
										<false/>
										<key>location</key>
										<string>{460, -444.5}</string>
										<key>nodeID</key>
										<string>960423AF-077B-4E99-9355-E3895FC85425</string>
										<key>strokeColor</key>
										<string>{0.690, 0.212, 0.949, 1.000}</string>
										<key>strokeStyle</key>
										<integer>0</integer>
										<key>strokeWidth</key>
										<real>4</real>
										<key>subnodes</key>
										<array/>
										<key>title</key>
										<dict>
											<key>constrainedWidth</key>
											<integer>300</integer>
											<key>htmlText</key>
											<string>&lt;p style='color: rgba(91, 91, 91, 1.000000); font: 18px "Heiti SC"; -cocoa-font-postscriptname: "STHeitiSC-Light"; '&gt;Model&lt;/p&gt;</string>
											<key>shrinkToFitContent</key>
											<integer>1</integer>
											<key>text</key>
											<string>{\rtf1\ansi\ansicpg936\cocoartf1347\cocoasubrtf570
{\fonttbl\f0\fnil\fcharset134 STHeitiSC-Light;}
{\colortbl;\red255\green255\blue255;\red91\green91\blue91;}
\pard\tx560\tx1120\tx1680\tx2240\tx2800\tx3360\tx3920\tx4480\tx5040\tx5600\tx6160\tx6720\pardirnatural

\f0\fs36 \cf2 Model}</string>
										</dict>
									</dict>
									<dict>
										<key>contentAlignment</key>
										<integer>1</integer>
										<key>fillColor</key>
										<string>{1.000, 1.000, 1.000, 1.000}</string>
										<key>isDecreasingBranchThickness</key>
										<true/>
										<key>isDrawingFill</key>
										<false/>
										<key>isLeftAligned</key>
										<false/>
										<key>location</key>
										<string>{460, -409.5}</string>
										<key>nodeID</key>
										<string>ADC3B956-A2C7-4922-AD6A-483B3752441D</string>
										<key>strokeColor</key>
										<string>{0.690, 0.212, 0.949, 1.000}</string>
										<key>strokeStyle</key>
										<integer>0</integer>
										<key>strokeWidth</key>
										<real>4</real>
										<key>subnodes</key>
										<array/>
										<key>title</key>
										<dict>
											<key>constrainedWidth</key>
											<integer>300</integer>
											<key>htmlText</key>
											<string>&lt;p style='color: rgba(91, 91, 91, 1.000000); font: 18px "Heiti SC"; -cocoa-font-postscriptname: "STHeitiSC-Light"; '&gt;Other&lt;/p&gt;</string>
											<key>shrinkToFitContent</key>
											<integer>1</integer>
											<key>text</key>
											<string>{\rtf1\ansi\ansicpg936\cocoartf1347\cocoasubrtf570
{\fonttbl\f0\fnil\fcharset134 STHeitiSC-Light;}
{\colortbl;\red255\green255\blue255;\red91\green91\blue91;}
\pard\tx560\tx1120\tx1680\tx2240\tx2800\tx3360\tx3920\tx4480\tx5040\tx5600\tx6160\tx6720\pardirnatural

\f0\fs36 \cf2 Other}</string>
										</dict>
									</dict>
								</array>
								<key>title</key>
								<dict>
									<key>constrainedWidth</key>
									<integer>300</integer>
									<key>htmlText</key>
									<string>&lt;p style='color: rgba(91, 91, 91, 1.000000); font: 18px "Heiti SC"; -cocoa-font-postscriptname: "STHeitiSC-Light"; '&gt;Module1&lt;/p&gt;</string>
									<key>shrinkToFitContent</key>
									<integer>1</integer>
									<key>text</key>
									<string>{\rtf1\ansi\ansicpg936\cocoartf1347\cocoasubrtf570
{\fonttbl\f0\fnil\fcharset134 STHeitiSC-Light;}
{\colortbl;\red255\green255\blue255;\red91\green91\blue91;}
\pard\tx560\tx1120\tx1680\tx2240\tx2800\tx3360\tx3920\tx4480\tx5040\tx5600\tx6160\tx6720\pardirnatural

\f0\fs36 \cf2 Module1}</string>
								</dict>
							</dict>
							<dict>
								<key>contentAlignment</key>
								<integer>1</integer>
								<key>fillColor</key>
								<string>{1.000, 1.000, 1.000, 1.000}</string>
								<key>isDecreasingBranchThickness</key>
								<true/>
								<key>isDrawingFill</key>
								<false/>
								<key>isLeftAligned</key>
								<false/>
								<key>location</key>
								<string>{311, -322}</string>
								<key>nodeID</key>
								<string>BF5F2F07-7517-4408-BBF6-7526313FEA55</string>
								<key>strokeColor</key>
								<string>{0.690, 0.212, 0.949, 1.000}</string>
								<key>strokeStyle</key>
								<integer>0</integer>
								<key>strokeWidth</key>
								<real>5</real>
								<key>subnodes</key>
								<array>
									<dict>
										<key>contentAlignment</key>
										<integer>1</integer>
										<key>fillColor</key>
										<string>{1.000, 1.000, 1.000, 1.000}</string>
										<key>isDecreasingBranchThickness</key>
										<true/>
										<key>isDrawingFill</key>
										<false/>
										<key>isLeftAligned</key>
										<false/>
										<key>location</key>
										<string>{460, -374.5}</string>
										<key>nodeID</key>
										<string>7A8D2397-976C-412C-B95D-08B88A27C766</string>
										<key>strokeColor</key>
										<string>{0.690, 0.212, 0.949, 1.000}</string>
										<key>strokeStyle</key>
										<integer>0</integer>
										<key>strokeWidth</key>
										<real>4</real>
										<key>subnodes</key>
										<array/>
										<key>title</key>
										<dict>
											<key>constrainedWidth</key>
											<integer>300</integer>
											<key>htmlText</key>
											<string>&lt;p style='color: rgba(91, 91, 91, 1.000000); font: 18px "Heiti SC"; -cocoa-font-postscriptname: "STHeitiSC-Light"; '&gt;ViewController&lt;/p&gt;</string>
											<key>shrinkToFitContent</key>
											<integer>1</integer>
											<key>text</key>
											<string>{\rtf1\ansi\ansicpg936\cocoartf1347\cocoasubrtf570
{\fonttbl\f0\fnil\fcharset134 STHeitiSC-Light;}
{\colortbl;\red255\green255\blue255;\red91\green91\blue91;}
\pard\tx560\tx1120\tx1680\tx2240\tx2800\tx3360\tx3920\tx4480\tx5040\tx5600\tx6160\tx6720\pardirnatural

\f0\fs36 \cf2 ViewController}</string>
										</dict>
									</dict>
									<dict>
										<key>contentAlignment</key>
										<integer>1</integer>
										<key>fillColor</key>
										<string>{1.000, 1.000, 1.000, 1.000}</string>
										<key>isDecreasingBranchThickness</key>
										<true/>
										<key>isDrawingFill</key>
										<false/>
										<key>isLeftAligned</key>
										<false/>
										<key>location</key>
										<string>{460, -339.5}</string>
										<key>nodeID</key>
										<string>319ED9FD-D805-4923-9241-D03F95F2508D</string>
										<key>strokeColor</key>
										<string>{0.690, 0.212, 0.949, 1.000}</string>
										<key>strokeStyle</key>
										<integer>0</integer>
										<key>strokeWidth</key>
										<real>4</real>
										<key>subnodes</key>
										<array/>
										<key>title</key>
										<dict>
											<key>constrainedWidth</key>
											<integer>300</integer>
											<key>htmlText</key>
											<string>&lt;p style='color: rgba(91, 91, 91, 1.000000); font: 18px "Heiti SC"; -cocoa-font-postscriptname: "STHeitiSC-Light"; '&gt;View&lt;/p&gt;</string>
											<key>shrinkToFitContent</key>
											<integer>1</integer>
											<key>text</key>
											<string>{\rtf1\ansi\ansicpg936\cocoartf1347\cocoasubrtf570
{\fonttbl\f0\fnil\fcharset134 STHeitiSC-Light;}
{\colortbl;\red255\green255\blue255;\red91\green91\blue91;}
\pard\tx560\tx1120\tx1680\tx2240\tx2800\tx3360\tx3920\tx4480\tx5040\tx5600\tx6160\tx6720\pardirnatural

\f0\fs36 \cf2 View}</string>
										</dict>
									</dict>
									<dict>
										<key>contentAlignment</key>
										<integer>1</integer>
										<key>fillColor</key>
										<string>{1.000, 1.000, 1.000, 1.000}</string>
										<key>isDecreasingBranchThickness</key>
										<true/>
										<key>isDrawingFill</key>
										<false/>
										<key>isLeftAligned</key>
										<false/>
										<key>location</key>
										<string>{460, -304.5}</string>
										<key>nodeID</key>
										<string>9F00EBF4-8B9B-4695-8B1C-105925720D13</string>
										<key>strokeColor</key>
										<string>{0.690, 0.212, 0.949, 1.000}</string>
										<key>strokeStyle</key>
										<integer>0</integer>
										<key>strokeWidth</key>
										<real>4</real>
										<key>subnodes</key>
										<array/>
										<key>title</key>
										<dict>
											<key>constrainedWidth</key>
											<integer>300</integer>
											<key>htmlText</key>
											<string>&lt;p style='color: rgba(91, 91, 91, 1.000000); font: 18px "Heiti SC"; text-align: left; -cocoa-font-postscriptname: "STHeitiSC-Light"; '&gt;Model&lt;/p&gt;</string>
											<key>shrinkToFitContent</key>
											<integer>1</integer>
											<key>text</key>
											<string>{\rtf1\ansi\ansicpg936\cocoartf1347\cocoasubrtf570
{\fonttbl\f0\fnil\fcharset134 STHeitiSC-Light;}
{\colortbl;\red255\green255\blue255;\red91\green91\blue91;}
\pard\tx560\tx1120\tx1680\tx2240\tx2800\tx3360\tx3920\tx4480\tx5040\tx5600\tx6160\tx6720\pardirnatural

\f0\fs36 \cf2 Model}</string>
										</dict>
									</dict>
									<dict>
										<key>contentAlignment</key>
										<integer>1</integer>
										<key>fillColor</key>
										<string>{1.000, 1.000, 1.000, 1.000}</string>
										<key>isDecreasingBranchThickness</key>
										<true/>
										<key>isDrawingFill</key>
										<false/>
										<key>isLeftAligned</key>
										<false/>
										<key>location</key>
										<string>{460, -269.5}</string>
										<key>nodeID</key>
										<string>2B0F2D4B-9C4C-4467-8E71-8EC8EC8F019F</string>
										<key>strokeColor</key>
										<string>{0.690, 0.212, 0.949, 1.000}</string>
										<key>strokeStyle</key>
										<integer>0</integer>
										<key>strokeWidth</key>
										<real>4</real>
										<key>subnodes</key>
										<array/>
										<key>title</key>
										<dict>
											<key>constrainedWidth</key>
											<integer>300</integer>
											<key>htmlText</key>
											<string>&lt;p style='color: rgba(91, 91, 91, 1.000000); font: 18px "Heiti SC"; -cocoa-font-postscriptname: "STHeitiSC-Light"; '&gt;Other&lt;/p&gt;</string>
											<key>shrinkToFitContent</key>
											<integer>1</integer>
											<key>text</key>
											<string>{\rtf1\ansi\ansicpg936\cocoartf1347\cocoasubrtf570
{\fonttbl\f0\fnil\fcharset134 STHeitiSC-Light;}
{\colortbl;\red255\green255\blue255;\red91\green91\blue91;}
\pard\tx560\tx1120\tx1680\tx2240\tx2800\tx3360\tx3920\tx4480\tx5040\tx5600\tx6160\tx6720\pardirnatural

\f0\fs36 \cf2 Other}</string>
										</dict>
									</dict>
								</array>
								<key>title</key>
								<dict>
									<key>constrainedWidth</key>
									<integer>300</integer>
									<key>htmlText</key>
									<string>&lt;p style='color: rgba(91, 91, 91, 1.000000); font: 18px "Heiti SC"; text-align: left; -cocoa-font-postscriptname: "STHeitiSC-Light"; '&gt;Module2&lt;/p&gt;</string>
									<key>shrinkToFitContent</key>
									<integer>1</integer>
									<key>text</key>
									<string>{\rtf1\ansi\ansicpg936\cocoartf1347\cocoasubrtf570
{\fonttbl\f0\fnil\fcharset134 STHeitiSC-Light;}
{\colortbl;\red255\green255\blue255;\red91\green91\blue91;}
\pard\tx560\tx1120\tx1680\tx2240\tx2800\tx3360\tx3920\tx4480\tx5040\tx5600\tx6160\tx6720\pardirnatural

\f0\fs36 \cf2 Module2}</string>
								</dict>
							</dict>
							<dict>
								<key>contentAlignment</key>
								<integer>1</integer>
								<key>fillColor</key>
								<string>{1.000, 1.000, 1.000, 1.000}</string>
								<key>isDecreasingBranchThickness</key>
								<true/>
								<key>isDrawingFill</key>
								<false/>
								<key>isLeftAligned</key>
								<false/>
								<key>location</key>
								<string>{311, -234.5}</string>
								<key>nodeID</key>
								<string>836924C6-8F0C-4F4F-94F8-90BD019B893D</string>
								<key>strokeColor</key>
								<string>{0.689, 0.215, 0.952, 1.000}</string>
								<key>strokeStyle</key>
								<integer>0</integer>
								<key>strokeWidth</key>
								<real>5</real>
								<key>subnodes</key>
								<array/>
								<key>title</key>
								<dict>
									<key>constrainedWidth</key>
									<integer>300</integer>
									<key>htmlText</key>
									<string>&lt;p style='color: rgba(91, 91, 91, 1.000000); font: 18px "Heiti SC"; -cocoa-font-postscriptname: "STHeitiSC-Light"; '&gt;…&lt;/p&gt;</string>
									<key>shrinkToFitContent</key>
									<integer>1</integer>
									<key>text</key>
									<string>{\rtf1\ansi\ansicpg936\cocoartf1347\cocoasubrtf570
{\fonttbl\f0\fnil\fcharset134 STHeitiSC-Light;}
{\colortbl;\red255\green255\blue255;\red91\green91\blue91;}
\pard\tx560\tx1120\tx1680\tx2240\tx2800\tx3360\tx3920\tx4480\tx5040\tx5600\tx6160\tx6720\pardirnatural

\f0\fs36 \cf2 \'a1\'ad}</string>
								</dict>
							</dict>
							<dict>
								<key>contentAlignment</key>
								<integer>1</integer>
								<key>fillColor</key>
								<string>{1.000, 1.000, 1.000, 1.000}</string>
								<key>isDecreasingBranchThickness</key>
								<true/>
								<key>isDrawingFill</key>
								<false/>
								<key>isLeftAligned</key>
								<false/>
								<key>location</key>
								<string>{311, -94.5}</string>
								<key>nodeID</key>
								<string>B0C18E9B-7441-4501-B488-41C5F7FA12C8</string>
								<key>strokeColor</key>
								<string>{0.690, 0.212, 0.949, 1.000}</string>
								<key>strokeStyle</key>
								<integer>0</integer>
								<key>strokeWidth</key>
								<real>5</real>
								<key>subnodes</key>
								<array>
									<dict>
										<key>contentAlignment</key>
										<integer>1</integer>
										<key>fillColor</key>
										<string>{1.000, 1.000, 1.000, 1.000}</string>
										<key>isDecreasingBranchThickness</key>
										<true/>
										<key>isDrawingFill</key>
										<false/>
										<key>isLeftAligned</key>
										<false/>
										<key>location</key>
										<string>{433, -199.5}</string>
										<key>nodeID</key>
										<string>229B2CB3-72F8-4C5E-8911-2EBCD83FD469</string>
										<key>strokeColor</key>
										<string>{0.690, 0.212, 0.949, 1.000}</string>
										<key>strokeStyle</key>
										<integer>0</integer>
										<key>strokeWidth</key>
										<real>4</real>
										<key>subnodes</key>
										<array/>
										<key>title</key>
										<dict>
											<key>constrainedWidth</key>
											<integer>300</integer>
											<key>htmlText</key>
											<string>&lt;p style='color: rgba(91, 91, 91, 1.000000); font: 18px "Heiti SC"; -cocoa-font-postscriptname: "STHeitiSC-Light"; '&gt;TabBar&lt;/p&gt;</string>
											<key>shrinkToFitContent</key>
											<integer>1</integer>
											<key>text</key>
											<string>{\rtf1\ansi\ansicpg936\cocoartf1347\cocoasubrtf570
{\fonttbl\f0\fnil\fcharset134 STHeitiSC-Light;}
{\colortbl;\red255\green255\blue255;\red91\green91\blue91;}
\pard\tx560\tx1120\tx1680\tx2240\tx2800\tx3360\tx3920\tx4480\tx5040\tx5600\tx6160\tx6720\pardirnatural

\f0\fs36 \cf2 TabBar}</string>
										</dict>
									</dict>
									<dict>
										<key>contentAlignment</key>
										<integer>1</integer>
										<key>fillColor</key>
										<string>{1.000, 1.000, 1.000, 1.000}</string>
										<key>isDecreasingBranchThickness</key>
										<true/>
										<key>isDrawingFill</key>
										<false/>
										<key>isLeftAligned</key>
										<false/>
										<key>location</key>
										<string>{433, -164.5}</string>
										<key>nodeID</key>
										<string>0BDE77F2-7B62-4E45-AC09-0F792931C854</string>
										<key>strokeColor</key>
										<string>{0.690, 0.212, 0.949, 1.000}</string>
										<key>strokeStyle</key>
										<integer>0</integer>
										<key>strokeWidth</key>
										<real>4</real>
										<key>subnodes</key>
										<array/>
										<key>title</key>
										<dict>
											<key>constrainedWidth</key>
											<integer>300</integer>
											<key>htmlText</key>
											<string>&lt;p style='color: rgba(91, 91, 91, 1.000000); font: 18px "Heiti SC"; -cocoa-font-postscriptname: "STHeitiSC-Light"; '&gt;Navigation&lt;/p&gt;</string>
											<key>shrinkToFitContent</key>
											<integer>1</integer>
											<key>text</key>
											<string>{\rtf1\ansi\ansicpg936\cocoartf1347\cocoasubrtf570
{\fonttbl\f0\fnil\fcharset134 STHeitiSC-Light;}
{\colortbl;\red255\green255\blue255;\red91\green91\blue91;}
\pard\tx560\tx1120\tx1680\tx2240\tx2800\tx3360\tx3920\tx4480\tx5040\tx5600\tx6160\tx6720\pardirnatural

\f0\fs36 \cf2 Navigation}</string>
										</dict>
									</dict>
									<dict>
										<key>contentAlignment</key>
										<integer>1</integer>
										<key>fillColor</key>
										<string>{1.000, 1.000, 1.000, 1.000}</string>
										<key>isDecreasingBranchThickness</key>
										<true/>
										<key>isDrawingFill</key>
										<false/>
										<key>isLeftAligned</key>
										<false/>
										<key>location</key>
										<string>{433, -129.5}</string>
										<key>nodeID</key>
										<string>CF514DD6-11FA-4C3A-A4C8-2312EBA05A45</string>
										<key>strokeColor</key>
										<string>{0.690, 0.212, 0.949, 1.000}</string>
										<key>strokeStyle</key>
										<integer>0</integer>
										<key>strokeWidth</key>
										<real>4</real>
										<key>subnodes</key>
										<array/>
										<key>title</key>
										<dict>
											<key>constrainedWidth</key>
											<integer>300</integer>
											<key>htmlText</key>
											<string>&lt;p style='color: rgba(91, 91, 91, 1.000000); font: 18px "Heiti SC"; -cocoa-font-postscriptname: "STHeitiSC-Light"; '&gt;Public&lt;/p&gt;</string>
											<key>shrinkToFitContent</key>
											<integer>1</integer>
											<key>text</key>
											<string>{\rtf1\ansi\ansicpg936\cocoartf1347\cocoasubrtf570
{\fonttbl\f0\fnil\fcharset134 STHeitiSC-Light;}
{\colortbl;\red255\green255\blue255;\red91\green91\blue91;}
\pard\tx560\tx1120\tx1680\tx2240\tx2800\tx3360\tx3920\tx4480\tx5040\tx5600\tx6160\tx6720\pardirnatural

\f0\fs36 \cf2 Public}</string>
										</dict>
									</dict>
									<dict>
										<key>contentAlignment</key>
										<integer>1</integer>
										<key>fillColor</key>
										<string>{1.000, 1.000, 1.000, 1.000}</string>
										<key>isDecreasingBranchThickness</key>
										<true/>
										<key>isDrawingFill</key>
										<false/>
										<key>isLeftAligned</key>
										<false/>
										<key>location</key>
										<string>{433, -94.5}</string>
										<key>nodeID</key>
										<string>1EA27FE6-6A7C-4A8A-A6DC-8F625C748E8C</string>
										<key>strokeColor</key>
										<string>{0.690, 0.212, 0.949, 1.000}</string>
										<key>strokeStyle</key>
										<integer>0</integer>
										<key>strokeWidth</key>
										<real>4</real>
										<key>subnodes</key>
										<array/>
										<key>title</key>
										<dict>
											<key>constrainedWidth</key>
											<integer>300</integer>
											<key>htmlText</key>
											<string>&lt;p style='color: rgba(91, 91, 91, 1.000000); font: 18px "Heiti SC"; -cocoa-font-postscriptname: "STHeitiSC-Light"; '&gt;Login&lt;/p&gt;</string>
											<key>shrinkToFitContent</key>
											<integer>1</integer>
											<key>text</key>
											<string>{\rtf1\ansi\ansicpg936\cocoartf1347\cocoasubrtf570
{\fonttbl\f0\fnil\fcharset134 STHeitiSC-Light;}
{\colortbl;\red255\green255\blue255;\red91\green91\blue91;}
\pard\tx560\tx1120\tx1680\tx2240\tx2800\tx3360\tx3920\tx4480\tx5040\tx5600\tx6160\tx6720\pardirnatural

\f0\fs36 \cf2 Login}</string>
										</dict>
									</dict>
									<dict>
										<key>contentAlignment</key>
										<integer>1</integer>
										<key>fillColor</key>
										<string>{1.000, 1.000, 1.000, 1.000}</string>
										<key>isDecreasingBranchThickness</key>
										<true/>
										<key>isDrawingFill</key>
										<false/>
										<key>isLeftAligned</key>
										<false/>
										<key>location</key>
										<string>{433, -59.5}</string>
										<key>nodeID</key>
										<string>6D851874-90D3-4D48-8104-F7DEDBA3E547</string>
										<key>strokeColor</key>
										<string>{0.690, 0.212, 0.949, 1.000}</string>
										<key>strokeStyle</key>
										<integer>0</integer>
										<key>strokeWidth</key>
										<real>4</real>
										<key>subnodes</key>
										<array/>
										<key>title</key>
										<dict>
											<key>constrainedWidth</key>
											<integer>300</integer>
											<key>htmlText</key>
											<string>&lt;p style='color: rgba(91, 91, 91, 1.000000); font: 18px "Heiti SC"; -cocoa-font-postscriptname: "STHeitiSC-Light"; '&gt;Setting&lt;/p&gt;</string>
											<key>shrinkToFitContent</key>
											<integer>1</integer>
											<key>text</key>
											<string>{\rtf1\ansi\ansicpg936\cocoartf1347\cocoasubrtf570
{\fonttbl\f0\fnil\fcharset134 STHeitiSC-Light;}
{\colortbl;\red255\green255\blue255;\red91\green91\blue91;}
\pard\tx560\tx1120\tx1680\tx2240\tx2800\tx3360\tx3920\tx4480\tx5040\tx5600\tx6160\tx6720\pardirnatural

\f0\fs36 \cf2 Setting}</string>
										</dict>
									</dict>
									<dict>
										<key>contentAlignment</key>
										<integer>1</integer>
										<key>fillColor</key>
										<string>{1.000, 1.000, 1.000, 1.000}</string>
										<key>isDecreasingBranchThickness</key>
										<true/>
										<key>isDrawingFill</key>
										<false/>
										<key>isLeftAligned</key>
										<false/>
										<key>location</key>
										<string>{433, -24.5}</string>
										<key>nodeID</key>
										<string>91E727F0-6F4B-46BD-B0D8-EC5DDC95C874</string>
										<key>strokeColor</key>
										<string>{0.690, 0.212, 0.949, 1.000}</string>
										<key>strokeStyle</key>
										<integer>0</integer>
										<key>strokeWidth</key>
										<real>4</real>
										<key>subnodes</key>
										<array/>
										<key>title</key>
										<dict>
											<key>constrainedWidth</key>
											<integer>300</integer>
											<key>htmlText</key>
											<string>&lt;p style='color: rgba(91, 91, 91, 1.000000); font: 18px "Heiti SC"; -cocoa-font-postscriptname: "STHeitiSC-Light"; '&gt;Release&lt;/p&gt;</string>
											<key>shrinkToFitContent</key>
											<integer>1</integer>
											<key>text</key>
											<string>{\rtf1\ansi\ansicpg936\cocoartf1347\cocoasubrtf570
{\fonttbl\f0\fnil\fcharset134 STHeitiSC-Light;}
{\colortbl;\red255\green255\blue255;\red91\green91\blue91;}
\pard\tx560\tx1120\tx1680\tx2240\tx2800\tx3360\tx3920\tx4480\tx5040\tx5600\tx6160\tx6720\pardirnatural

\f0\fs36 \cf2 Release}</string>
										</dict>
									</dict>
									<dict>
										<key>contentAlignment</key>
										<integer>1</integer>
										<key>fillColor</key>
										<string>{1.000, 1.000, 1.000, 1.000}</string>
										<key>isDecreasingBranchThickness</key>
										<true/>
										<key>isDrawingFill</key>
										<false/>
										<key>isLeftAligned</key>
										<false/>
										<key>location</key>
										<string>{433, 10.5}</string>
										<key>nodeID</key>
										<string>0CAA3D52-4DAB-46ED-A7F5-9F56B6F6587F</string>
										<key>strokeColor</key>
										<string>{0.690, 0.212, 0.949, 1.000}</string>
										<key>strokeStyle</key>
										<integer>0</integer>
										<key>strokeWidth</key>
										<real>4</real>
										<key>subnodes</key>
										<array/>
										<key>title</key>
										<dict>
											<key>constrainedWidth</key>
											<integer>300</integer>
											<key>htmlText</key>
											<string>&lt;p style='color: rgba(91, 91, 91, 1.000000); font: 18px "Heiti SC"; -cocoa-font-postscriptname: "STHeitiSC-Light"; '&gt;…&lt;/p&gt;</string>
											<key>shrinkToFitContent</key>
											<integer>1</integer>
											<key>text</key>
											<string>{\rtf1\ansi\ansicpg936\cocoartf1347\cocoasubrtf570
{\fonttbl\f0\fnil\fcharset134 STHeitiSC-Light;}
{\colortbl;\red255\green255\blue255;\red91\green91\blue91;}
\pard\tx560\tx1120\tx1680\tx2240\tx2800\tx3360\tx3920\tx4480\tx5040\tx5600\tx6160\tx6720\pardirnatural

\f0\fs36 \cf2 \'a1\'ad}</string>
										</dict>
									</dict>
								</array>
								<key>title</key>
								<dict>
									<key>constrainedWidth</key>
									<integer>300</integer>
									<key>htmlText</key>
									<string>&lt;p style='color: rgba(91, 91, 91, 1.000000); font: 18px "Heiti SC"; text-align: left; -cocoa-font-postscriptname: "STHeitiSC-Light"; '&gt;Other&lt;/p&gt;</string>
									<key>shrinkToFitContent</key>
									<integer>1</integer>
									<key>text</key>
									<string>{\rtf1\ansi\ansicpg936\cocoartf1347\cocoasubrtf570
{\fonttbl\f0\fnil\fcharset134 STHeitiSC-Light;}
{\colortbl;\red255\green255\blue255;\red91\green91\blue91;}
\pard\tx560\tx1120\tx1680\tx2240\tx2800\tx3360\tx3920\tx4480\tx5040\tx5600\tx6160\tx6720\pardirnatural

\f0\fs36 \cf2 Other}</string>
								</dict>
							</dict>
						</array>
						<key>title</key>
						<dict>
							<key>constrainedWidth</key>
							<integer>300</integer>
							<key>htmlText</key>
							<string>&lt;p style='color: rgba(91, 91, 91, 1.000000); font: 18px "Heiti SC"; -cocoa-font-postscriptname: "STHeitiSC-Light"; '&gt;Main&lt;/p&gt;</string>
							<key>shrinkToFitContent</key>
							<integer>1</integer>
							<key>text</key>
							<string>{\rtf1\ansi\ansicpg936\cocoartf1347\cocoasubrtf570
{\fonttbl\f0\fnil\fcharset134 STHeitiSC-Light;}
{\colortbl;\red255\green255\blue255;\red91\green91\blue91;}
\pard\tx560\tx1120\tx1680\tx2240\tx2800\tx3360\tx3920\tx4480\tx5040\tx5600\tx6160\tx6720\pardirnatural

\f0\fs36 \cf2 Main}</string>
						</dict>
					</dict>
					<dict>
						<key>contentAlignment</key>
						<integer>1</integer>
						<key>fillColor</key>
						<string>{1.000, 1.000, 1.000, 1.000}</string>
						<key>isDecreasingBranchThickness</key>
						<true/>
						<key>isDrawingFill</key>
						<false/>
						<key>isLeftAligned</key>
						<false/>
						<key>location</key>
						<string>{195, 133}</string>
						<key>nodeID</key>
						<string>A1D355D7-6989-46E5-AF28-17263A1380F8</string>
						<key>strokeColor</key>
						<string>{0.136, 0.807, 0.880, 1.000}</string>
						<key>strokeStyle</key>
						<integer>0</integer>
						<key>strokeWidth</key>
						<real>6</real>
						<key>subnodes</key>
						<array>
							<dict>
								<key>contentAlignment</key>
								<integer>1</integer>
								<key>fillColor</key>
								<string>{1.000, 1.000, 1.000, 1.000}</string>
								<key>isDecreasingBranchThickness</key>
								<true/>
								<key>isDrawingFill</key>
								<false/>
								<key>isLeftAligned</key>
								<false/>
								<key>location</key>
								<string>{406, 45.5}</string>
								<key>nodeID</key>
								<string>D724254F-D9BC-40D0-9A10-6F0608A336C1</string>
								<key>strokeColor</key>
								<string>{0.136, 0.807, 0.880, 1.000}</string>
								<key>strokeStyle</key>
								<integer>0</integer>
								<key>strokeWidth</key>
								<real>5</real>
								<key>subnodes</key>
								<array/>
								<key>title</key>
								<dict>
									<key>constrainedWidth</key>
									<integer>300</integer>
									<key>htmlText</key>
									<string>&lt;p style='color: rgba(91, 91, 91, 1.000000); font: 18px "Heiti SC"; -cocoa-font-postscriptname: "STHeitiSC-Light"; '&gt;DataBase(数据库)&lt;/p&gt;</string>
									<key>shrinkToFitContent</key>
									<integer>1</integer>
									<key>text</key>
									<string>{\rtf1\ansi\ansicpg936\cocoartf1347\cocoasubrtf570
{\fonttbl\f0\fnil\fcharset134 STHeitiSC-Light;}
{\colortbl;\red255\green255\blue255;\red91\green91\blue91;}
\pard\tx560\tx1120\tx1680\tx2240\tx2800\tx3360\tx3920\tx4480\tx5040\tx5600\tx6160\tx6720\pardirnatural

\f0\fs36 \cf2 DataBase(\'ca\'fd\'be\'dd\'bf\'e2)}</string>
								</dict>
							</dict>
							<dict>
								<key>contentAlignment</key>
								<integer>1</integer>
								<key>fillColor</key>
								<string>{1.000, 1.000, 1.000, 1.000}</string>
								<key>isDecreasingBranchThickness</key>
								<true/>
								<key>isDrawingFill</key>
								<false/>
								<key>isLeftAligned</key>
								<false/>
								<key>location</key>
								<string>{406, 80.5}</string>
								<key>nodeID</key>
								<string>BDA76F2C-FFF7-4656-B5DD-082693AA063B</string>
								<key>strokeColor</key>
								<string>{0.136, 0.807, 0.880, 1.000}</string>
								<key>strokeStyle</key>
								<integer>0</integer>
								<key>strokeWidth</key>
								<real>5</real>
								<key>subnodes</key>
								<array/>
								<key>title</key>
								<dict>
									<key>constrainedWidth</key>
									<integer>300</integer>
									<key>htmlText</key>
									<string>&lt;p style='color: rgba(91, 91, 91, 1.000000); font: 18px "Heiti SC"; -cocoa-font-postscriptname: "STHeitiSC-Light"; '&gt;Category（类别）&lt;/p&gt;</string>
									<key>shrinkToFitContent</key>
									<integer>1</integer>
									<key>text</key>
									<string>{\rtf1\ansi\ansicpg936\cocoartf1347\cocoasubrtf570
{\fonttbl\f0\fnil\fcharset134 STHeitiSC-Light;}
{\colortbl;\red255\green255\blue255;\red91\green91\blue91;}
\pard\tx560\tx1120\tx1680\tx2240\tx2800\tx3360\tx3920\tx4480\tx5040\tx5600\tx6160\tx6720\pardirnatural

\f0\fs36 \cf2 Category\'a3\'a8\'c0\'e0\'b1\'f0\'a3\'a9}</string>
								</dict>
							</dict>
							<dict>
								<key>contentAlignment</key>
								<integer>1</integer>
								<key>fillColor</key>
								<string>{1.000, 1.000, 1.000, 1.000}</string>
								<key>isDecreasingBranchThickness</key>
								<true/>
								<key>isDrawingFill</key>
								<false/>
								<key>isLeftAligned</key>
								<false/>
								<key>location</key>
								<string>{406, 115.5}</string>
								<key>nodeID</key>
								<string>4A68BA36-4564-4D31-BC1A-566D83EED440</string>
								<key>strokeColor</key>
								<string>{0.136, 0.807, 0.880, 1.000}</string>
								<key>strokeStyle</key>
								<integer>0</integer>
								<key>strokeWidth</key>
								<real>5</real>
								<key>subnodes</key>
								<array/>
								<key>title</key>
								<dict>
									<key>constrainedWidth</key>
									<integer>300</integer>
									<key>htmlText</key>
									<string>&lt;p style='color: rgba(91, 91, 91, 1.000000); font: 18px "Heiti SC"; -cocoa-font-postscriptname: "STHeitiSC-Light"; '&gt;Network（网络）&lt;/p&gt;</string>
									<key>shrinkToFitContent</key>
									<integer>1</integer>
									<key>text</key>
									<string>{\rtf1\ansi\ansicpg936\cocoartf1347\cocoasubrtf570
{\fonttbl\f0\fnil\fcharset134 STHeitiSC-Light;}
{\colortbl;\red255\green255\blue255;\red91\green91\blue91;}
\pard\tx560\tx1120\tx1680\tx2240\tx2800\tx3360\tx3920\tx4480\tx5040\tx5600\tx6160\tx6720\pardirnatural

\f0\fs36 \cf2 Network\'a3\'a8\'cd\'f8\'c2\'e7\'a3\'a9}</string>
								</dict>
							</dict>
							<dict>
								<key>contentAlignment</key>
								<integer>1</integer>
								<key>fillColor</key>
								<string>{1.000, 1.000, 1.000, 1.000}</string>
								<key>isDecreasingBranchThickness</key>
								<true/>
								<key>isDrawingFill</key>
								<false/>
								<key>isLeftAligned</key>
								<false/>
								<key>location</key>
								<string>{406, 150.5}</string>
								<key>nodeID</key>
								<string>2F987FED-6928-4D78-8B9F-2CA63909AA69</string>
								<key>strokeColor</key>
								<string>{0.136, 0.807, 0.880, 1.000}</string>
								<key>strokeStyle</key>
								<integer>0</integer>
								<key>strokeWidth</key>
								<real>5</real>
								<key>subnodes</key>
								<array/>
								<key>title</key>
								<dict>
									<key>constrainedWidth</key>
									<integer>300</integer>
									<key>htmlText</key>
									<string>&lt;p style='color: rgba(91, 91, 91, 1.000000); font: 18px "Heiti SC"; -cocoa-font-postscriptname: "STHeitiSC-Light"; '&gt;Tool（工具类）&lt;/p&gt;</string>
									<key>shrinkToFitContent</key>
									<integer>1</integer>
									<key>text</key>
									<string>{\rtf1\ansi\ansicpg936\cocoartf1347\cocoasubrtf570
{\fonttbl\f0\fnil\fcharset134 STHeitiSC-Light;}
{\colortbl;\red255\green255\blue255;\red91\green91\blue91;}
\pard\tx560\tx1120\tx1680\tx2240\tx2800\tx3360\tx3920\tx4480\tx5040\tx5600\tx6160\tx6720\pardirnatural

\f0\fs36 \cf2 Tool\'a3\'a8\'b9\'a4\'be\'df\'c0\'e0\'a3\'a9}</string>
								</dict>
							</dict>
							<dict>
								<key>contentAlignment</key>
								<integer>1</integer>
								<key>fillColor</key>
								<string>{1.000, 1.000, 1.000, 1.000}</string>
								<key>isDecreasingBranchThickness</key>
								<true/>
								<key>isDrawingFill</key>
								<false/>
								<key>isLeftAligned</key>
								<false/>
								<key>location</key>
								<string>{406, 185.5}</string>
								<key>nodeID</key>
								<string>B0B3E56E-42AC-4269-9B94-4C5810D06CB3</string>
								<key>strokeColor</key>
								<string>{0.136, 0.807, 0.880, 1.000}</string>
								<key>strokeStyle</key>
								<integer>0</integer>
								<key>strokeWidth</key>
								<real>5</real>
								<key>subnodes</key>
								<array/>
								<key>title</key>
								<dict>
									<key>constrainedWidth</key>
									<integer>300</integer>
									<key>htmlText</key>
									<string>&lt;p style='color: rgba(91, 91, 91, 1.000000); font: 18px "Heiti SC"; -cocoa-font-postscriptname: "STHeitiSC-Light"; '&gt;Macros（宏）&lt;/p&gt;</string>
									<key>shrinkToFitContent</key>
									<integer>1</integer>
									<key>text</key>
									<string>{\rtf1\ansi\ansicpg936\cocoartf1347\cocoasubrtf570
{\fonttbl\f0\fnil\fcharset134 STHeitiSC-Light;}
{\colortbl;\red255\green255\blue255;\red91\green91\blue91;}
\pard\tx560\tx1120\tx1680\tx2240\tx2800\tx3360\tx3920\tx4480\tx5040\tx5600\tx6160\tx6720\pardirnatural

\f0\fs36 \cf2 Macros\'a3\'a8\'ba\'ea\'a3\'a9}</string>
								</dict>
							</dict>
							<dict>
								<key>contentAlignment</key>
								<integer>1</integer>
								<key>fillColor</key>
								<string>{1.000, 1.000, 1.000, 1.000}</string>
								<key>isDecreasingBranchThickness</key>
								<true/>
								<key>isDrawingFill</key>
								<false/>
								<key>isLeftAligned</key>
								<false/>
								<key>location</key>
								<string>{406, 220.5}</string>
								<key>nodeID</key>
								<string>9EA529E4-E469-4232-8EE7-5C82672C2803</string>
								<key>strokeColor</key>
								<string>{0.136, 0.807, 0.880, 1.000}</string>
								<key>strokeStyle</key>
								<integer>0</integer>
								<key>strokeWidth</key>
								<real>5</real>
								<key>subnodes</key>
								<array/>
								<key>title</key>
								<dict>
									<key>constrainedWidth</key>
									<integer>300</integer>
									<key>htmlText</key>
									<string>&lt;p style='color: rgba(91, 91, 91, 1.000000); font: 18px "Heiti SC"; -cocoa-font-postscriptname: "STHeitiSC-Light"; '&gt;Const（常量）&lt;/p&gt;</string>
									<key>shrinkToFitContent</key>
									<integer>1</integer>
									<key>text</key>
									<string>{\rtf1\ansi\ansicpg936\cocoartf1347\cocoasubrtf570
{\fonttbl\f0\fnil\fcharset134 STHeitiSC-Light;}
{\colortbl;\red255\green255\blue255;\red91\green91\blue91;}
\pard\tx560\tx1120\tx1680\tx2240\tx2800\tx3360\tx3920\tx4480\tx5040\tx5600\tx6160\tx6720\pardirnatural

\f0\fs36 \cf2 Const\'a3\'a8\'b3\'a3\'c1\'bf\'a3\'a9}</string>
								</dict>
							</dict>
						</array>
						<key>title</key>
						<dict>
							<key>constrainedWidth</key>
							<integer>300</integer>
							<key>htmlText</key>
							<string>&lt;p style='color: rgba(91, 91, 91, 1.000000); font: 18px "Heiti SC"; -cocoa-font-postscriptname: "STHeitiSC-Light"; '&gt;Expand（扩展）&lt;/p&gt;</string>
							<key>shrinkToFitContent</key>
							<integer>1</integer>
							<key>text</key>
							<string>{\rtf1\ansi\ansicpg936\cocoartf1347\cocoasubrtf570
{\fonttbl\f0\fnil\fcharset134 STHeitiSC-Light;}
{\colortbl;\red255\green255\blue255;\red91\green91\blue91;}
\pard\tx560\tx1120\tx1680\tx2240\tx2800\tx3360\tx3920\tx4480\tx5040\tx5600\tx6160\tx6720\pardirnatural

\f0\fs36 \cf2 Expand\'a3\'a8\'c0\'a9\'d5\'b9\'a3\'a9}</string>
						</dict>
					</dict>
					<dict>
						<key>contentAlignment</key>
						<integer>1</integer>
						<key>fillColor</key>
						<string>{1.000, 1.000, 1.000, 1.000}</string>
						<key>isDecreasingBranchThickness</key>
						<true/>
						<key>isDrawingFill</key>
						<false/>
						<key>isLeftAligned</key>
						<false/>
						<key>location</key>
						<string>{195, 290.5}</string>
						<key>nodeID</key>
						<string>AA77A7D4-00E3-467A-8765-485BD01F6BB3</string>
						<key>strokeColor</key>
						<string>{0.822, 0.084, 0.348, 1.000}</string>
						<key>strokeStyle</key>
						<integer>0</integer>
						<key>strokeWidth</key>
						<real>6</real>
						<key>subnodes</key>
						<array>
							<dict>
								<key>contentAlignment</key>
								<integer>1</integer>
								<key>fillColor</key>
								<string>{1.000, 1.000, 1.000, 1.000}</string>
								<key>isDecreasingBranchThickness</key>
								<true/>
								<key>isDrawingFill</key>
								<false/>
								<key>isLeftAligned</key>
								<false/>
								<key>location</key>
								<string>{422, 255.5}</string>
								<key>nodeID</key>
								<string>09977A72-C8EC-4BA1-ACE9-CF3147D6E929</string>
								<key>strokeColor</key>
								<string>{0.822, 0.084, 0.348, 1.000}</string>
								<key>strokeStyle</key>
								<integer>0</integer>
								<key>strokeWidth</key>
								<real>5</real>
								<key>subnodes</key>
								<array/>
								<key>title</key>
								<dict>
									<key>constrainedWidth</key>
									<integer>300</integer>
									<key>htmlText</key>
									<string>&lt;p style='color: rgba(91, 91, 91, 1.000000); font: 18px "Heiti SC"; -cocoa-font-postscriptname: "STHeitiSC-Light"; '&gt;AFNetworking&lt;/p&gt;</string>
									<key>shrinkToFitContent</key>
									<integer>1</integer>
									<key>text</key>
									<string>{\rtf1\ansi\ansicpg936\cocoartf1347\cocoasubrtf570
{\fonttbl\f0\fnil\fcharset134 STHeitiSC-Light;}
{\colortbl;\red255\green255\blue255;\red91\green91\blue91;}
\pard\tx560\tx1120\tx1680\tx2240\tx2800\tx3360\tx3920\tx4480\tx5040\tx5600\tx6160\tx6720\pardirnatural

\f0\fs36 \cf2 AFNetworking}</string>
								</dict>
							</dict>
							<dict>
								<key>contentAlignment</key>
								<integer>1</integer>
								<key>fillColor</key>
								<string>{1.000, 1.000, 1.000, 1.000}</string>
								<key>isDecreasingBranchThickness</key>
								<true/>
								<key>isDrawingFill</key>
								<false/>
								<key>isLeftAligned</key>
								<false/>
								<key>location</key>
								<string>{422, 290.5}</string>
								<key>nodeID</key>
								<string>A12F59A5-8409-48B2-8A63-61DE2A2870E0</string>
								<key>strokeColor</key>
								<string>{0.822, 0.084, 0.348, 1.000}</string>
								<key>strokeStyle</key>
								<integer>0</integer>
								<key>strokeWidth</key>
								<real>5</real>
								<key>subnodes</key>
								<array/>
								<key>title</key>
								<dict>
									<key>constrainedWidth</key>
									<integer>300</integer>
									<key>htmlText</key>
									<string>&lt;p style='color: rgba(91, 91, 91, 1.000000); font: 18px "Heiti SC"; -cocoa-font-postscriptname: "STHeitiSC-Light"; '&gt;SDWebImage&lt;/p&gt;</string>
									<key>shrinkToFitContent</key>
									<integer>1</integer>
									<key>text</key>
									<string>{\rtf1\ansi\ansicpg936\cocoartf1347\cocoasubrtf570
{\fonttbl\f0\fnil\fcharset134 STHeitiSC-Light;}
{\colortbl;\red255\green255\blue255;\red91\green91\blue91;}
\pard\tx560\tx1120\tx1680\tx2240\tx2800\tx3360\tx3920\tx4480\tx5040\tx5600\tx6160\tx6720\pardirnatural

\f0\fs36 \cf2 SDWebImage}</string>
								</dict>
							</dict>
							<dict>
								<key>contentAlignment</key>
								<integer>1</integer>
								<key>fillColor</key>
								<string>{1.000, 1.000, 1.000, 1.000}</string>
								<key>isDecreasingBranchThickness</key>
								<true/>
								<key>isDrawingFill</key>
								<false/>
								<key>isLeftAligned</key>
								<false/>
								<key>location</key>
								<string>{422, 325.5}</string>
								<key>nodeID</key>
								<string>91111CD2-A175-47FC-A01B-EA1595448102</string>
								<key>strokeColor</key>
								<string>{0.822, 0.084, 0.348, 1.000}</string>
								<key>strokeStyle</key>
								<integer>0</integer>
								<key>strokeWidth</key>
								<real>5</real>
								<key>subnodes</key>
								<array/>
								<key>title</key>
								<dict>
									<key>constrainedWidth</key>
									<integer>300</integer>
									<key>htmlText</key>
									<string>&lt;p style='color: rgba(91, 91, 91, 1.000000); font: 18px "Heiti SC"; -cocoa-font-postscriptname: "STHeitiSC-Light"; '&gt;…&lt;/p&gt;</string>
									<key>shrinkToFitContent</key>
									<integer>1</integer>
									<key>text</key>
									<string>{\rtf1\ansi\ansicpg936\cocoartf1347\cocoasubrtf570
{\fonttbl\f0\fnil\fcharset134 STHeitiSC-Light;}
{\colortbl;\red255\green255\blue255;\red91\green91\blue91;}
\pard\tx560\tx1120\tx1680\tx2240\tx2800\tx3360\tx3920\tx4480\tx5040\tx5600\tx6160\tx6720\pardirnatural

\f0\fs36 \cf2 \'a1\'ad}</string>
								</dict>
							</dict>
						</array>
						<key>title</key>
						<dict>
							<key>constrainedWidth</key>
							<integer>300</integer>
							<key>htmlText</key>
							<string>&lt;p style='color: rgba(91, 91, 91, 1.000000); font: 18px "Heiti SC"; -cocoa-font-postscriptname: "STHeitiSC-Light"; '&gt;Vender（第三方）&lt;/p&gt;</string>
							<key>shrinkToFitContent</key>
							<integer>1</integer>
							<key>text</key>
							<string>{\rtf1\ansi\ansicpg936\cocoartf1347\cocoasubrtf570
{\fonttbl\f0\fnil\fcharset134 STHeitiSC-Light;}
{\colortbl;\red255\green255\blue255;\red91\green91\blue91;}
\pard\tx560\tx1120\tx1680\tx2240\tx2800\tx3360\tx3920\tx4480\tx5040\tx5600\tx6160\tx6720\pardirnatural

\f0\fs36 \cf2 Vender\'a3\'a8\'b5\'da\'c8\'fd\'b7\'bd\'a3\'a9}</string>
						</dict>
					</dict>
					<dict>
						<key>contentAlignment</key>
						<integer>1</integer>
						<key>fillColor</key>
						<string>{1.000, 1.000, 1.000, 1.000}</string>
						<key>isDecreasingBranchThickness</key>
						<true/>
						<key>isDrawingFill</key>
						<false/>
						<key>isLeftAligned</key>
						<false/>
						<key>location</key>
						<string>{195, 395.5}</string>
						<key>nodeID</key>
						<string>8EBC8174-97B3-455E-B58E-821F1B66CA64</string>
						<key>strokeColor</key>
						<string>{0.194, 0.734, 0.282, 1.000}</string>
						<key>strokeStyle</key>
						<integer>0</integer>
						<key>strokeWidth</key>
						<real>6</real>
						<key>subnodes</key>
						<array>
							<dict>
								<key>contentAlignment</key>
								<integer>1</integer>
								<key>fillColor</key>
								<string>{1.000, 1.000, 1.000, 1.000}</string>
								<key>isDecreasingBranchThickness</key>
								<true/>
								<key>isDrawingFill</key>
								<false/>
								<key>isLeftAligned</key>
								<false/>
								<key>location</key>
								<string>{349, 360.5}</string>
								<key>nodeID</key>
								<string>B39C81C2-DCF9-4876-A111-34578B622CA2</string>
								<key>strokeColor</key>
								<string>{0.194, 0.734, 0.282, 1.000}</string>
								<key>strokeStyle</key>
								<integer>0</integer>
								<key>strokeWidth</key>
								<real>5</real>
								<key>subnodes</key>
								<array/>
								<key>title</key>
								<dict>
									<key>constrainedWidth</key>
									<integer>300</integer>
									<key>htmlText</key>
									<string>&lt;p style='color: rgba(91, 91, 91, 1.000000); font: 18px "Heiti SC"; -cocoa-font-postscriptname: "STHeitiSC-Light"; '&gt;Plist&lt;/p&gt;</string>
									<key>shrinkToFitContent</key>
									<integer>1</integer>
									<key>text</key>
									<string>{\rtf1\ansi\ansicpg936\cocoartf1347\cocoasubrtf570
{\fonttbl\f0\fnil\fcharset134 STHeitiSC-Light;}
{\colortbl;\red255\green255\blue255;\red91\green91\blue91;}
\pard\tx560\tx1120\tx1680\tx2240\tx2800\tx3360\tx3920\tx4480\tx5040\tx5600\tx6160\tx6720\pardirnatural

\f0\fs36 \cf2 Plist}</string>
								</dict>
							</dict>
							<dict>
								<key>contentAlignment</key>
								<integer>1</integer>
								<key>fillColor</key>
								<string>{1.000, 1.000, 1.000, 1.000}</string>
								<key>isDecreasingBranchThickness</key>
								<true/>
								<key>isDrawingFill</key>
								<false/>
								<key>isLeftAligned</key>
								<false/>
								<key>location</key>
								<string>{349, 395.5}</string>
								<key>nodeID</key>
								<string>00750019-D499-440F-B389-27449211A503</string>
								<key>strokeColor</key>
								<string>{0.194, 0.734, 0.282, 1.000}</string>
								<key>strokeStyle</key>
								<integer>0</integer>
								<key>strokeWidth</key>
								<real>5</real>
								<key>subnodes</key>
								<array/>
								<key>title</key>
								<dict>
									<key>constrainedWidth</key>
									<integer>300</integer>
									<key>htmlText</key>
									<string>&lt;p style='color: rgba(91, 91, 91, 1.000000); font: 18px "Heiti SC"; -cocoa-font-postscriptname: "STHeitiSC-Light"; '&gt;Image&lt;/p&gt;</string>
									<key>shrinkToFitContent</key>
									<integer>1</integer>
									<key>text</key>
									<string>{\rtf1\ansi\ansicpg936\cocoartf1347\cocoasubrtf570
{\fonttbl\f0\fnil\fcharset134 STHeitiSC-Light;}
{\colortbl;\red255\green255\blue255;\red91\green91\blue91;}
\pard\tx560\tx1120\tx1680\tx2240\tx2800\tx3360\tx3920\tx4480\tx5040\tx5600\tx6160\tx6720\pardirnatural

\f0\fs36 \cf2 Image}</string>
								</dict>
							</dict>
							<dict>
								<key>contentAlignment</key>
								<integer>1</integer>
								<key>fillColor</key>
								<string>{1.000, 1.000, 1.000, 1.000}</string>
								<key>isDecreasingBranchThickness</key>
								<true/>
								<key>isDrawingFill</key>
								<false/>
								<key>isLeftAligned</key>
								<false/>
								<key>location</key>
								<string>{349, 430.5}</string>
								<key>nodeID</key>
								<string>ECB0CE2F-6C8B-4006-AD09-03042CCFA665</string>
								<key>strokeColor</key>
								<string>{0.194, 0.734, 0.282, 1.000}</string>
								<key>strokeStyle</key>
								<integer>0</integer>
								<key>strokeWidth</key>
								<real>5</real>
								<key>subnodes</key>
								<array/>
								<key>title</key>
								<dict>
									<key>constrainedWidth</key>
									<integer>300</integer>
									<key>htmlText</key>
									<string>&lt;p style='color: rgba(91, 91, 91, 1.000000); font: 18px "Heiti SC"; -cocoa-font-postscriptname: "STHeitiSC-Light"; '&gt;Other&lt;/p&gt;</string>
									<key>shrinkToFitContent</key>
									<integer>1</integer>
									<key>text</key>
									<string>{\rtf1\ansi\ansicpg936\cocoartf1347\cocoasubrtf570
{\fonttbl\f0\fnil\fcharset134 STHeitiSC-Light;}
{\colortbl;\red255\green255\blue255;\red91\green91\blue91;}
\pard\tx560\tx1120\tx1680\tx2240\tx2800\tx3360\tx3920\tx4480\tx5040\tx5600\tx6160\tx6720\pardirnatural

\f0\fs36 \cf2 Other}</string>
								</dict>
							</dict>
						</array>
						<key>title</key>
						<dict>
							<key>constrainedWidth</key>
							<integer>300</integer>
							<key>htmlText</key>
							<string>&lt;p style='color: rgba(91, 91, 91, 1.000000); font: 18px "Heiti SC"; -cocoa-font-postscriptname: "STHeitiSC-Light"; '&gt;Resource&lt;/p&gt;</string>
							<key>shrinkToFitContent</key>
							<integer>1</integer>
							<key>text</key>
							<string>{\rtf1\ansi\ansicpg936\cocoartf1347\cocoasubrtf570
{\fonttbl\f0\fnil\fcharset134 STHeitiSC-Light;}
{\colortbl;\red255\green255\blue255;\red91\green91\blue91;}
\pard\tx560\tx1120\tx1680\tx2240\tx2800\tx3360\tx3920\tx4480\tx5040\tx5600\tx6160\tx6720\pardirnatural

\f0\fs36 \cf2 Resource}</string>
						</dict>
					</dict>
					<dict>
						<key>contentAlignment</key>
						<integer>1</integer>
						<key>fillColor</key>
						<string>{1.000, 1.000, 1.000, 1.000}</string>
						<key>isDecreasingBranchThickness</key>
						<true/>
						<key>isDrawingFill</key>
						<false/>
						<key>isLeftAligned</key>
						<false/>
						<key>location</key>
						<string>{195, 500.5}</string>
						<key>nodeID</key>
						<string>1B2D68CC-CD78-46A5-B76F-4F98115B77E6</string>
						<key>strokeColor</key>
						<string>{0.689, 0.215, 0.952, 1.000}</string>
						<key>strokeStyle</key>
						<integer>0</integer>
						<key>strokeWidth</key>
						<real>6</real>
						<key>subnodes</key>
						<array>
							<dict>
								<key>contentAlignment</key>
								<integer>1</integer>
								<key>fillColor</key>
								<string>{1.000, 1.000, 1.000, 1.000}</string>
								<key>isDecreasingBranchThickness</key>
								<true/>
								<key>isDrawingFill</key>
								<false/>
								<key>isLeftAligned</key>
								<false/>
								<key>location</key>
								<string>{317, 465.5}</string>
								<key>nodeID</key>
								<string>DDFE459C-CB89-4153-990F-CD52F70D2D8F</string>
								<key>strokeColor</key>
								<string>{0.689, 0.215, 0.952, 1.000}</string>
								<key>strokeStyle</key>
								<integer>0</integer>
								<key>strokeWidth</key>
								<real>5</real>
								<key>subnodes</key>
								<array/>
								<key>title</key>
								<dict>
									<key>constrainedWidth</key>
									<integer>300</integer>
									<key>htmlText</key>
									<string>&lt;p style='color: rgba(91, 91, 91, 1.000000); font: 18px "Heiti SC"; -cocoa-font-postscriptname: "STHeitiSC-Light"; '&gt;AppDelegate.h&lt;/p&gt;</string>
									<key>shrinkToFitContent</key>
									<integer>1</integer>
									<key>text</key>
									<string>{\rtf1\ansi\ansicpg936\cocoartf1347\cocoasubrtf570
{\fonttbl\f0\fnil\fcharset134 STHeitiSC-Light;}
{\colortbl;\red255\green255\blue255;\red91\green91\blue91;}
\pard\tx560\tx1120\tx1680\tx2240\tx2800\tx3360\tx3920\tx4480\tx5040\tx5600\tx6160\tx6720\pardirnatural

\f0\fs36 \cf2 AppDelegate.h}</string>
								</dict>
							</dict>
							<dict>
								<key>contentAlignment</key>
								<integer>1</integer>
								<key>fillColor</key>
								<string>{1.000, 1.000, 1.000, 1.000}</string>
								<key>isDecreasingBranchThickness</key>
								<true/>
								<key>isDrawingFill</key>
								<false/>
								<key>isLeftAligned</key>
								<false/>
								<key>location</key>
								<string>{317, 500.5}</string>
								<key>nodeID</key>
								<string>0DD9A589-26C6-4E66-A178-367BEE50DFDC</string>
								<key>strokeColor</key>
								<string>{0.689, 0.215, 0.952, 1.000}</string>
								<key>strokeStyle</key>
								<integer>0</integer>
								<key>strokeWidth</key>
								<real>5</real>
								<key>subnodes</key>
								<array/>
								<key>title</key>
								<dict>
									<key>constrainedWidth</key>
									<integer>300</integer>
									<key>htmlText</key>
									<string>&lt;p style='color: rgba(91, 91, 91, 1.000000); font: 18px "Heiti SC"; -cocoa-font-postscriptname: "STHeitiSC-Light"; '&gt;AppDelegate.m&lt;/p&gt;</string>
									<key>shrinkToFitContent</key>
									<integer>1</integer>
									<key>text</key>
									<string>{\rtf1\ansi\ansicpg936\cocoartf1347\cocoasubrtf570
{\fonttbl\f0\fnil\fcharset134 STHeitiSC-Light;}
{\colortbl;\red255\green255\blue255;\red91\green91\blue91;}
\pard\tx560\tx1120\tx1680\tx2240\tx2800\tx3360\tx3920\tx4480\tx5040\tx5600\tx6160\tx6720\pardirnatural

\f0\fs36 \cf2 AppDelegate.m}</string>
								</dict>
							</dict>
							<dict>
								<key>contentAlignment</key>
								<integer>1</integer>
								<key>fillColor</key>
								<string>{1.000, 1.000, 1.000, 1.000}</string>
								<key>isDecreasingBranchThickness</key>
								<true/>
								<key>isDrawingFill</key>
								<false/>
								<key>isLeftAligned</key>
								<false/>
								<key>location</key>
								<string>{317, 535.5}</string>
								<key>nodeID</key>
								<string>1197897D-F8A3-4E1F-8D82-A91E40575237</string>
								<key>strokeColor</key>
								<string>{0.689, 0.215, 0.952, 1.000}</string>
								<key>strokeStyle</key>
								<integer>0</integer>
								<key>strokeWidth</key>
								<real>5</real>
								<key>subnodes</key>
								<array/>
								<key>title</key>
								<dict>
									<key>constrainedWidth</key>
									<integer>300</integer>
									<key>htmlText</key>
									<string>&lt;p style='color: rgba(91, 91, 91, 1.000000); font: 18px "Heiti SC"; -cocoa-font-postscriptname: "STHeitiSC-Light"; '&gt;main.m&lt;/p&gt;</string>
									<key>shrinkToFitContent</key>
									<integer>1</integer>
									<key>text</key>
									<string>{\rtf1\ansi\ansicpg936\cocoartf1347\cocoasubrtf570
{\fonttbl\f0\fnil\fcharset134 STHeitiSC-Light;}
{\colortbl;\red255\green255\blue255;\red91\green91\blue91;}
\pard\tx560\tx1120\tx1680\tx2240\tx2800\tx3360\tx3920\tx4480\tx5040\tx5600\tx6160\tx6720\pardirnatural

\f0\fs36 \cf2 main.m}</string>
								</dict>
							</dict>
						</array>
						<key>title</key>
						<dict>
							<key>constrainedWidth</key>
							<integer>300</integer>
							<key>htmlText</key>
							<string>&lt;p style='color: rgba(91, 91, 91, 1.000000); font: 18px "Heiti SC"; -cocoa-font-postscriptname: "STHeitiSC-Light"; '&gt;Other&lt;/p&gt;</string>
							<key>shrinkToFitContent</key>
							<integer>1</integer>
							<key>text</key>
							<string>{\rtf1\ansi\ansicpg936\cocoartf1347\cocoasubrtf570
{\fonttbl\f0\fnil\fcharset134 STHeitiSC-Light;}
{\colortbl;\red255\green255\blue255;\red91\green91\blue91;}
\pard\tx560\tx1120\tx1680\tx2240\tx2800\tx3360\tx3920\tx4480\tx5040\tx5600\tx6160\tx6720\pardirnatural

\f0\fs36 \cf2 Other}</string>
						</dict>
					</dict>
				</array>
				<key>title</key>
				<dict>
					<key>constrainedWidth</key>
					<integer>300</integer>
					<key>htmlText</key>
					<string>&lt;p style='color: rgba(21, 122, 150, 1.000000); font: 21px "Heiti SC"; -cocoa-font-postscriptname: "STHeitiSC-Light"; '&gt;目录结构二&lt;/p&gt;</string>
					<key>shrinkToFitContent</key>
					<integer>1</integer>
					<key>text</key>
					<string>{\rtf1\ansi\ansicpg936\cocoartf1347\cocoasubrtf570
{\fonttbl\f0\fnil\fcharset134 STHeitiSC-Light;}
{\colortbl;\red255\green255\blue255;\red22\green123\blue151;}
\pard\tx560\tx1120\tx1680\tx2240\tx2800\tx3360\tx3920\tx4480\tx5040\tx5600\tx6160\tx6720\pardirnatural

\f0\fs42 \cf2 \'c4\'bf\'c2\'bc\'bd\'e1\'b9\'b9\'b6\'fe}</string>
				</dict>
			</dict>
		</array>
	</dict>
	<key>printInfo</key>
	<data>
	BAtzdHJlYW10eXBlZIHoA4QBQISEhAtOU1ByaW50SW5mbwGEhAhOU09iamVjdACFkoSE
	hBNOU011dGFibGVEaWN0aW9uYXJ5AISEDE5TRGljdGlvbmFyeQCUhAFpCJKEhIQITlNT
	dHJpbmcBlIQBKxZOU0hvcml6b250YWxseUNlbnRlcmVkhpKEhIQITlNOdW1iZXIAhIQH
	TlNWYWx1ZQCUhAEqhIQBY50BhpKEmZkNTlNSaWdodE1hcmdpboaShJuchIQBZp5IhpKE
	mZkMTlNMZWZ0TWFyZ2luhpKEm5ygnkiGkoSZmRVOU0hvcml6b25hbFBhZ2luYXRpb26G
	koSbnISXlwKGkoSZmRROU1ZlcnRpY2FsUGFnaW5hdGlvboaShJucpZcAhpKEmZkUTlNW
	ZXJ0aWNhbGx5Q2VudGVyZWSGkpqShJmZC05TVG9wTWFyZ2luhpKEm5ygnlqGkoSZmQ5O
	U0JvdHRvbU1hcmdpboaShJucoJ5ahoaG
	</data>
	<key>title</key>
	<string>目录结构二</string>
	<key>version</key>
	<integer>4</integer>
</dict>
</plist>
